站點類型,AMB_TEMP,NO,NO2,NOx,O3,PM10,PM2.5,RH,SO2
一般站,24.317244037422586,3.1405789508153776,12.876874058550003,16.001349138777915,30.013454557325673,42.272736009414224,20.00706399160766,75.80554124562445,2.8085658255981176
交通站,24.9931124807396,21.497732819524728,24.602941554271034,46.090430314707774,24.84864423076923,47.783506410256415,19.42513808606294,72.57481538461538,3.4917405266538215
公園站,17.431384615384616,0.688918918918919,2.6545945945945943,3.3260617760617763,40.82192307692308,15.466356589147287,9.983,92.46165384615384,1.7673846153846153
其它站,23.43067437379576,1.8314285714285714,7.196324951644101,9.004189189189189,26.217668593448938,30.331830443159923,16.283088803088802,77.57458574181118,1.6477713178294573
工業站,24.47851309707242,2.685792307692308,12.0766,14.74783076923077,31.451907692307696,50.11290895061728,22.297736720554273,78.05949922958398,3.2114846153846157
背景站,24.069144144144143,1.7991527987897125,10.50161875945537,12.269954614220877,33.016188340807176,47.9357345971564,21.549919484702095,77.66975975975976,2.9013303437967117
